Index,ballXs,ballYs,ballRGB,ballSizes
0,718.45734,583.89417,24.565536,29.76039
1,580.42114,643.15247,169.47845,5.8614883
2,596.3365,552.24524,197.40402,18.252684
3,631.9823,824.547,97.342636,22.860277
4,619.4678,692.223,210.34753,3.2474935
5,529.413,443.76978,60.516716,13.574722
6,618.00305,612.2066,110.91189,14.443536
7,609.084,720.23303,113.52331,15.3376665
8,528.91394,661.5749,266.36404,12.626171
9,662.8501,659.63556,101.963196,28.866394
10,602.2957,545.9537,53.81105,4.824929
11,582.82007,646.86694,194.99089,6.2991123
12,544.6291,446.44946,144.5263,17.603865
13,559.10876,730.116,112.046005,21.39245
14,564.6407,674.3772,166.79631,8.578657
15,497.19696,535.7881,105.85661,26.076986
16,653.1615,469.65503,82.99008,19.230295
17,613.02325,748.42285,114.82682,12.602317
18,691.31506,578.92896,157.58748,2.9467857
19,539.3341,578.065,172.72627,18.389904
20,452.95844,562.75006,174.5344,6.451642
21,505.48672,443.62955,131.46124,20.900267
22,744.2449,636.5302,90.355415,6.5394797
23,536.25134,412.8092,130.61493,9.947534
24,611.2701,623.84766,238.6172,17.18968
25,592.2369,586.67365,122.08554,15.783375
26,669.0298,620.21295,162.51353,5.21239
27,509.89127,526.6598,142.96161,27.935482
28,627.254,533.65576,106.57345,19.827078
29,575.8104,628.6599,128.49144,26.422207
30,691.40027,702.091,220.63705,7.900686
31,543.9232,586.9875,248.7103,19.961695
32,597.0531,613.9003,216.787,26.585575
33,536.2324,587.94464,129.39972,4.724717
34,666.5904,607.9774,190.26138,20.089783
35,578.86633,554.1774,130.68881,19.807478
36,525.2508,574.77094,163.17444,20.264164
37,625.96545,723.6252,236.36246,20.872885
38,700.4735,573.3835,101.84752,25.270805
39,549.1095,482.6014,189.35669,4.4630203
40,622.57007,409.48544,232.3398,18.159948
41,548.0788,517.15967,194.0298,6.6460323
42,560.5452,611.0046,95.65347,21.771744
43,550.68317,376.13864,87.860725,19.438993
44,623.70435,508.1648,238.95462,27.724752
45,645.1716,656.0353,175.56863,18.543797
46,656.44995,664.0158,89.970436,25.773306
47,580.2092,675.9096,80.31939,10.232516
48,748.8662,512.7759,109.73193,7.6160717
49,483.6087,549.312,192.65573,8.796105
50,494.17502,558.0833,12.060041,29.111353
51,660.47314,676.5979,151.65656,8.087511
52,655.4452,466.75363,252.52037,3.2813694
53,532.9523,565.23145,258.8424,11.796601
54,653.36066,649.83655,91.109245,24.635841
55,617.7845,547.34247,59.997574,5.8261623
56,674.7081,543.05084,172.05573,14.07027
57,575.34534,567.13495,236.76906,28.320286
58,694.51953,629.35144,188.04314,18.43914
59,710.99005,565.7742,72.732796,8.539961
60,465.91507,682.6205,24.550428,25.099586
61,682.172,552.08685,228.14944,20.085255
62,571.0141,748.97205,8.607542,25.184525
63,636.0765,583.9744,31.574436,14.31548
64,714.73724,680.9469,84.15159,5.701645
65,434.93246,593.6658,69.537796,28.792759
66,621.12354,647.3707,205.7648,26.0587
67,697.08246,585.58185,158.14996,11.931786
68,663.248,636.1269,198.20552,29.266827
69,650.0798,568.4202,237.39252,18.728882
70,547.778,684.25903,183.1964,10.540098
71,621.0903,619.2738,167.46112,19.60308
72,668.9093,540.4531,190.85603,18.64668
73,651.195,676.937,165.06837,10.335489
74,549.92834,622.5472,194.1546,19.217663
75,618.926,658.6787,148.57652,11.351912
76,604.15173,624.67487,79.69091,19.014492
77,620.5238,642.9935,183.1838,7.8572435
78,489.92108,527.29236,95.67249,3.3129072
79,464.38058,528.2894,189.57945,13.485006
80,706.01324,655.3138,136.63564,26.185596
81,521.30164,465.95758,35.80647,19.245693
82,588.77466,557.5179,-0.6338588,17.350845
83,563.07385,643.12494,216.57562,22.90546
84,526.6531,540.1215,35.03441,28.880253
85,634.8479,395.71503,160.52263,12.950714
86,576.3328,492.3683,56.93152,20.593496
87,671.14,613.2013,171.64403,25.631805
88,575.7492,663.1982,64.62634,10.267315
89,515.87866,559.71246,118.46273,26.053755
90,539.6084,598.2047,171.65486,28.392544
91,666.53296,516.8226,171.3247,9.906127
92,550.18677,542.0937,47.95343,5.3574266
93,536.4749,477.02118,165.50822,11.396579
94,711.41815,480.74823,37.557602,10.535763
95,648.8854,596.576,88.545074,13.660165
96,406.03085,885.8303,182.43672,22.419947
97,705.5078,554.0799,88.298225,19.933409
98,686.78723,595.48865,63.466076,15.954752
99,573.2336,533.648,159.94748,24.870049
100,793.6039,640.8653,206.03864,24.578264
101,634.77704,705.4413,57.333958,10.483592
102,668.55084,610.98505,246.61885,3.8294945
103,618.7317,587.6886,163.17938,29.466993
104,635.1086,616.2049,144.96474,28.093622
105,625.66205,535.39575,34.868134,2.386127
106,620.7754,650.7997,5.255946,8.168243
107,604.6,626.5034,53.799107,22.983072
108,592.30853,497.93506,71.41922,14.5780735
109,627.56683,682.93933,28.718832,5.2566333
110,731.6833,689.4498,22.81977,20.359198
111,775.19366,480.91412,39.636765,20.997835
112,671.5474,655.10657,22.940416,7.482602
113,569.9668,713.80347,223.39919,18.121513
114,582.0318,541.39404,237.34274,17.983366
115,576.3634,661.4764,191.50998,11.713286
116,707.08936,755.12085,228.56067,4.687006
117,648.39966,464.87363,94.67126,27.653343
118,483.54733,776.75916,131.7332,6.346074
119,592.4162,464.49606,113.52221,7.621487
120,609.26483,528.34424,101.92561,8.873478
121,577.5697,674.6028,117.86468,4.0556526
122,771.0734,596.7207,151.94884,11.727417
123,642.3564,631.9219,64.371475,4.2406855
124,489.11346,713.70074,181.89688,27.59642
125,644.85864,629.3235,252.02289,29.344618
126,585.35657,590.4598,236.46254,28.270035
127,614.91315,702.8739,199.38286,2.2826917
128,549.5436,623.4163,245.08925,25.566399
129,619.45514,511.49097,112.521835,28.349224
130,597.4401,645.9761,187.49582,29.715506
131,512.7051,601.4474,237.74199,7.3758574
132,498.1176,604.06946,214.62033,10.646669
133,567.0951,748.9747,151.52594,19.70085
134,504.99692,652.12354,136.7817,4.8686085
135,619.1157,406.30133,13.702547,12.604777
136,617.32666,609.8244,234.21892,22.416151
137,730.69336,611.8926,48.19008,14.407313
138,472.73215,578.8299,58.19196,9.711739
139,538.6645,660.6591,161.55345,29.63955
140,664.0316,653.34265,253.12177,27.883202
141,532.13055,577.91974,66.48241,19.305744
142,678.4142,617.91486,119.55035,29.509634
143,648.45593,397.6153,4.739115,12.114121
144,625.09045,550.7488,141.14243,25.040005
145,620.9316,731.52106,180.87532,11.762742
146,690.8691,636.26013,189.99515,19.037634
147,579.3102,553.9771,230.71574,18.175005
148,636.0355,733.51526,80.322845,3.4278615
149,628.7879,745.44904,11.849466,12.43965
150,712.24884,565.76044,160.03065,18.234604
151,629.19476,727.82,70.60372,3.7583296
152,554.21094,595.57904,32.001686,23.739159
153,523.831,662.85077,206.4831,10.764837
154,622.41437,656.57196,202.12296,12.12462
155,546.3446,559.9092,51.24519,4.1649394
156,497.54782,436.01767,24.436735,7.712217
157,500.58215,539.29767,132.5652,4.9542365
158,714.7252,529.38904,155.5978,29.769548
159,486.8573,659.5333,250.41557,24.889969
160,690.99,522.5598,231.6561,11.180714
161,677.6984,450.39417,193.31674,12.995492
162,499.06793,782.8667,161.45143,29.307508
163,642.49646,650.91315,111.2892,15.425018
164,580.63293,589.91284,12.565428,27.11987
165,729.53125,461.79248,71.444305,20.960396
166,736.40234,589.8209,135.29611,6.800312
167,603.8838,610.3757,95.11298,5.887781
168,632.3723,478.78427,192.89143,3.8869908
169,644.2448,614.45135,39.816254,12.334389
170,579.32306,712.6245,194.36836,23.6558
171,686.3035,657.28217,63.865444,21.845741
172,549.057,480.48584,201.96495,26.584522
173,642.5499,553.9814,186.41452,18.751259
174,632.603,598.29755,101.68349,18.809103
175,628.0166,587.035,88.56499,17.587189
176,624.8882,760.84656,68.06374,16.579113
177,490.17783,554.4639,198.57507,24.595264
178,686.83014,677.50885,141.92892,21.639708
179,651.53796,533.4938,106.108826,18.354582
180,715.4918,592.60706,216.80202,11.690789
181,593.97925,545.0554,224.0935,21.3822
182,705.17285,811.1884,75.48939,21.769226
183,577.9236,685.01917,-3.002644,21.692026
184,659.4757,593.6497,256.33563,21.421711
185,677.267,613.14355,20.056044,2.6551235
186,579.15564,602.1238,43.51681,14.427784
187,503.07104,695.0087,207.09435,21.070255
188,535.31995,639.0337,165.77992,27.824509
189,442.7441,397.26645,212.75613,8.329684
190,542.697,707.0792,248.72858,4.9948034
191,577.72754,579.0098,84.43474,9.339345
192,594.5672,517.1956,94.74193,15.215614
193,750.5556,593.2411,22.632536,12.9982
194,676.3922,624.1927,237.62254,19.61301
195,522.7206,538.7581,239.89662,11.321019
196,617.0376,657.66547,195.1218,12.919538
197,700.7744,520.0144,21.59564,17.650856
198,535.3835,589.0308,54.117516,2.4424434
199,525.3399,624.2538,111.857834,19.989159
200,680.23254,661.63824,216.96933,16.58543
201,601.55505,750.11945,104.59051,20.596634
202,496.48465,725.46326,31.827652,4.164205
203,668.40686,461.37802,116.45129,9.198852
204,427.4656,553.82007,153.0834,15.347832
205,580.5362,640.9259,38.852016,19.065746
206,573.5386,570.93744,194.89032,12.76165
207,480.916,630.58734,132.08478,15.81102
208,687.1177,599.4473,158.9445,18.208866
209,773.5775,375.24026,180.55798,8.0496645
210,487.1802,762.6312,150.61711,10.399692
211,717.9126,605.71564,229.00125,17.321394
212,508.73242,483.70602,83.40149,7.4997234
213,633.86255,766.4638,125.86731,21.38393
214,646.9032,585.92053,76.42933,19.390911
215,571.23334,477.4633,133.01083,13.739307
216,565.5871,510.23083,3.0953739,10.134663
217,689.7374,698.2209,244.46304,13.903254
218,453.12604,500.70047,241.24716,21.780018
219,614.61945,578.2308,39.436974,2.4735339
220,643.4978,663.5347,94.89451,16.601246
221,651.80273,680.00793,128.41684,16.697578
222,626.0783,696.9065,99.5115,28.996311
223,683.4533,710.7517,148.77203,16.369068
224,552.6932,598.6033,18.485882,29.236048
225,480.74365,368.30704,137.576,18.072002
226,690.96063,537.38776,121.55131,8.316662
227,636.7811,567.62054,239.68716,5.800499
228,604.87714,685.1123,160.78621,13.315417
229,585.74225,631.3177,91.777985,14.762717
230,526.86224,594.78314,120.40625,25.549538
231,447.4697,340.11084,133.65108,17.864334
232,607.4664,528.3954,152.91805,28.84654
233,689.22687,609.92584,41.451332,29.285246
234,525.0985,546.57465,18.299377,10.393581
235,654.22144,618.3418,28.46445,3.2243488
236,608.2552,543.2559,225.26431,13.674295
237,533.8456,647.9262,256.91312,7.990611
238,713.53687,437.99545,228.57559,24.342182
239,539.9492,459.39255,81.10262,4.0507526
240,668.5532,337.6391,221.55865,13.625028
241,710.17914,461.38535,179.66512,8.479165
242,542.4883,461.2706,123.50424,14.798477
243,576.8037,651.668,194.14069,12.755711
244,643.4703,593.0092,125.26146,16.888771
245,533.6818,486.24338,73.881615,22.471106
246,567.973,478.9365,53.290527,25.233185
247,585.17065,641.7887,242.14465,12.864412
248,572.29016,677.89136,69.664024,23.696932
249,752.96515,720.888,57.129906,25.056864
250,535.7269,522.151,180.92534,27.760635
251,617.57684,681.5122,141.3082,28.37268
252,567.7762,695.406,50.51633,24.582874
253,651.89856,598.05035,113.13472,25.44986
254,657.90283,477.19583,139.10771,7.4263124
255,437.9114,716.3756,181.55545,20.328766
256,624.09955,578.8418,174.56598,7.118408
257,519.4431,679.677,184.47055,13.938199
258,580.7235,556.4855,247.92851,28.792253
259,730.21454,622.44586,155.66704,11.1387205
260,682.5706,719.4111,223.56743,29.999538
261,684.9039,556.50977,66.70815,26.681276
262,579.78375,577.4977,211.84822,3.0745373
263,731.8883,573.1966,83.806435,12.231478
264,601.44965,614.5565,121.22272,18.710398
265,504.8621,558.4545,122.457184,20.321295
266,477.49313,604.1097,246.83748,28.130112
267,595.1794,573.2116,-4.7055607,7.231438
268,700.02954,704.6804,71.528046,12.72468
269,560.74756,684.999,31.497522,18.079071
270,569.40125,711.09564,8.471594,14.0082035
271,703.6568,570.2009,241.4763,20.673119
272,482.59503,481.32376,55.353558,14.309429
273,623.5383,640.14734,244.82329,6.0776215
274,750.6962,692.07043,73.94535,9.574434
275,702.0146,480.4652,131.05667,21.554152
276,489.6312,614.91724,236.22092,9.476442
277,681.7595,621.76794,7.7801714,19.086304
278,546.69586,643.40753,123.05992,18.883839
279,636.3573,527.1311,56.012714,23.659555
280,501.96262,728.71313,39.440777,28.482054
281,639.6935,669.64526,7.9240294,6.7024593
282,560.1843,657.70514,50.4625,23.521872
283,406.19165,624.585,72.962814,10.602075
284,658.95746,644.86206,213.55501,2.5065286
285,589.9646,613.8292,198.94801,26.186768
286,670.26227,737.88403,179.0052,17.050499
287,530.3763,368.8376,216.14526,4.9099064
288,630.292,495.35718,89.723694,18.749763
289,705.3976,649.3314,183.65489,6.7426834
290,671.0955,591.1194,150.82698,29.989431
291,608.2095,502.10468,169.59753,29.25503
292,428.24066,585.355,82.89676,18.16044
293,712.9102,504.46143,171.01715,7.979623
294,581.56525,616.3501,82.43764,6.4305134
295,658.71045,643.55676,131.9989,2.0519638
296,685.4853,468.83047,57.70015,10.371293
297,492.23633,698.0224,42.803898,28.623707
298,497.94397,652.39026,87.04217,22.426264
299,669.8992,527.65906,11.422547,13.168533
300,483.78622,640.3903,30.609158,23.14355
301,616.28485,540.3445,65.904785,10.239134
302,639.11865,509.50775,65.94043,23.711525
303,583.7322,470.30383,8.019209,6.3769393
304,638.6499,515.1562,222.61244,6.7291718
305,571.0952,680.3849,50.592262,12.797475
306,667.66876,536.3193,247.98204,18.110153
307,528.38727,422.29132,259.7086,29.435158
308,601.7385,647.7577,226.9289,25.039854
309,531.52594,616.573,242.69337,22.381372
310,738.72955,587.83124,25.659393,18.146654
311,479.06296,703.8434,198.1958,4.325392
312,588.9157,707.5953,133.91608,5.367387
313,525.3845,553.92017,144.54382,26.133373
314,382.78384,648.13715,4.96033,11.925606
315,691.7109,454.58157,205.13257,15.188028
316,660.55597,660.592,161.89833,6.630266
317,621.63696,640.6992,194.14798,19.759811
318,507.36243,542.73047,32.053505,9.259729
319,675.3897,505.5794,229.74979,9.8762665
320,560.3623,606.7627,50.814663,18.727055
321,637.0688,701.34863,20.028429,26.473934
322,727.4981,677.3127,234.26904,25.320404
323,801.7996,516.245,65.67244,18.818335
324,568.15204,561.0666,50.18975,2.5573792
325,596.5184,670.40015,89.61163,15.211611
326,545.2756,590.67633,46.72044,5.752387
327,712.3337,674.245,126.45649,28.010849
328,684.7689,504.51697,129.5856,5.6269608
329,522.0308,597.47314,160.83438,14.277219
330,607.14685,553.4705,242.87,25.237503
331,470.35086,604.70715,62.330822,5.4787226
332,757.8247,539.45404,-5.666317,17.883514
333,670.33575,523.53424,130.06921,16.276548
334,493.7861,618.8868,92.98977,9.909981
335,669.8582,681.4213,189.08002,8.423569
336,594.8821,542.66406,94.640045,18.53585
337,611.6002,561.5689,96.95307,9.267725
338,504.23553,638.39557,59.95343,26.819149
339,431.07797,431.62015,22.442015,3.544468
340,595.90436,681.9452,138.10374,27.088963
341,547.8352,694.08105,131.65852,15.510407
342,564.3811,500.21744,241.29393,18.803118
343,572.21185,653.6963,150.02197,23.651495
344,604.5328,574.2211,121.019905,10.683343
345,620.4726,548.91266,158.39876,25.01774
346,513.0919,591.2156,137.6874,28.680073
347,647.88293,598.3749,180.83815,3.704268
348,573.5016,488.83337,238.61467,19.057285
349,553.9675,512.80945,253.1973,8.314733
350,598.82874,577.0718,8.709061,24.581749
351,425.0543,545.66345,169.22003,16.794409
352,734.16394,589.79083,165.38017,14.056335
353,507.832,438.2176,133.33417,25.380972
354,619.3873,620.0761,9.13188,24.54667
355,792.7199,597.3731,51.000088,9.352563
356,524.7592,631.1102,29.054096,4.5945606
357,601.8068,507.5558,34.40397,11.704815
358,639.559,509.43338,217.49792,23.158644
359,782.1541,616.01306,64.58206,10.997337
360,613.21655,444.56348,180.39325,6.3277926
361,628.1008,695.57,169.03998,21.700356
362,500.68365,642.9899,137.02673,6.059015
363,619.2012,571.18884,60.466537,27.955235
364,584.75433,467.9935,101.89701,22.029415
365,607.46765,604.5713,92.412605,8.437789
366,614.7781,700.5481,135.99786,19.579157
367,541.95496,552.5829,93.80291,27.867386
368,554.3112,772.533,27.973007,23.764778
369,700.5828,659.8974,117.33955,28.7119
370,659.7036,603.00385,216.94342,18.532585
371,568.50183,570.66846,13.246338,24.060577
372,511.4339,670.54913,155.94073,15.440773
373,567.58887,629.6792,68.909065,27.92271
374,623.63635,635.31433,181.76189,25.374146
375,546.29974,671.56165,118.278305,4.996813
376,448.27832,523.7057,53.742508,20.162598
377,703.15643,600.0476,237.98279,24.066467
378,603.16064,618.4532,161.14197,2.4765863
379,592.6391,677.65015,133.75484,29.627398
380,607.9578,547.35956,207.55434,27.060143
381,654.9228,595.83496,124.7658,22.334476
382,403.22772,571.12714,182.49086,22.19291
383,553.7487,560.8947,257.02484,9.764141
384,633.84436,467.41473,151.74448,14.851978
385,574.2222,719.24713,200.1867,7.391327
386,685.7703,717.78754,130.38675,28.665743
387,866.9409,538.17975,67.88922,26.342146
388,494.36102,707.03064,235.14648,4.3953485
389,560.69464,602.1775,113.40818,15.353508
390,491.28253,548.7005,128.99196,13.013052
391,608.19763,628.49005,110.00421,17.585243
392,711.15234,410.2971,136.54822,15.826057
393,669.2943,609.00995,226.05464,9.8134
394,611.4668,670.3187,130.9495,29.562424
395,668.3253,747.9411,188.26073,5.5969133
396,570.6196,579.38354,176.03874,13.622571
397,558.59357,578.796,157.3133,27.953018
398,626.1416,541.2975,110.15069,9.2241
399,539.86194,611.9842,155.06728,13.786249
400,474.2805,581.0659,202.61215,23.03419
401,443.87714,521.52167,230.91145,23.866034
402,521.8712,399.213,58.064465,12.885995
403,498.95807,563.08234,115.31927,2.8002086
404,547.0311,632.2935,222.6689,5.7935667
405,844.6481,511.1627,59.02755,20.655764
406,488.9325,694.8857,37.72494,4.88179
407,520.2389,648.58466,119.85174,9.270151
408,654.56396,635.9048,3.0307744,3.8893206
409,442.74545,517.0418,17.738665,26.701202
410,605.7156,551.1599,187.20024,14.126257
411,635.9401,496.71854,99.13461,21.692368
412,632.2512,564.3998,96.34935,25.404968
413,659.69257,668.57074,133.88402,14.682161
414,651.8377,608.85175,63.647873,24.429886
415,525.2644,470.91785,212.406,15.148988
416,753.7399,698.1428,223.6334,20.035894
417,647.2293,631.1017,108.841644,24.529015
418,692.2016,718.383,108.67583,3.7978516
419,646.8782,584.0911,241.94054,23.337475
420,624.3721,505.304,11.677905,21.876492
421,806.75726,481.8992,42.204006,29.41163
422,530.9216,667.22705,114.471565,29.186388
423,561.6749,587.84326,57.05759,28.513474
424,563.84985,463.82053,168.79515,19.42512
425,546.82153,655.0385,46.64173,25.206352
426,486.17303,563.0098,115.37189,28.232504
427,628.4957,617.72504,156.20216,21.463684
428,646.129,494.3824,84.116776,27.48498
429,674.42017,687.66345,166.19308,12.579056
430,632.2294,453.8035,63.58906,6.8910418
431,400.43228,667.8384,119.10717,4.51197
432,479.2765,680.814,215.27927,18.744478
433,599.1796,652.87274,197.06944,20.896608
434,623.5137,541.28925,139.57608,29.705994
435,340.9141,607.85803,102.93522,24.823788
436,581.6281,576.9734,15.254366,16.301111
437,569.0455,697.5309,247.97015,2.628207
438,725.6607,331.03806,48.940166,15.610975
439,658.126,606.83563,165.29941,20.910633
440,605.47284,603.40466,168.95589,8.248374
441,543.5471,567.57056,15.415861,13.7223
442,651.3315,585.7833,159.35114,2.6967132
443,623.8007,613.05206,31.28172,22.247938
444,368.90195,612.4708,79.81088,25.675686
445,523.78235,785.3812,43.213223,13.644049
446,542.64655,532.3288,6.0368333,16.301394
447,592.36566,492.31104,114.71174,8.3066635
448,618.62964,656.4877,176.31883,10.036759
449,496.63095,440.43713,203.70648,12.332493
450,549.26514,777.33624,212.22467,2.0726802
451,672.2646,711.05774,135.94183,17.06037
452,640.18915,492.72354,143.56813,8.822334
453,710.33215,607.4697,97.76737,8.285755
454,430.68585,550.0338,17.33928,7.318149
455,490.45828,610.92584,254.69418,22.166487
456,570.9428,534.08655,225.3768,27.828657
457,627.16547,638.6784,78.671,18.30691
458,605.65717,565.53516,45.47731,2.003912
459,640.23444,740.88794,13.964865,12.532019
460,659.99646,641.1749,132.07945,14.043549
461,570.6966,625.3727,146.22145,23.142342
462,490.56784,757.5214,29.267385,29.179117
463,532.0522,608.1994,172.81065,23.860777
464,627.114,545.38,55.696686,25.277405
465,795.6665,538.1093,223.2137,28.318556
466,685.35834,416.32672,119.84084,3.3970063
467,606.974,703.49884,254.6183,25.040909
468,609.80994,663.29645,215.25511,5.146883
469,610.496,646.1485,80.95407,13.932788
470,570.40436,542.58386,238.45203,6.8712063
471,535.92755,655.4493,34.349766,20.868164
472,619.3452,728.1805,26.155495,20.874552
473,499.30484,760.5542,71.91964,28.976786
474,594.587,678.55383,169.01646,10.648813
475,608.47925,580.5667,133.58328,12.612165
476,747.77246,547.1365,9.726231,16.598234
477,552.913,529.516,122.43301,2.972509
478,754.58844,671.71747,229.21127,19.999914
479,558.7658,491.6531,195.91147,23.319532
480,640.3412,634.6049,163.28413,2.4892235
481,678.38403,458.64618,89.59502,24.27265
482,682.5398,587.43463,178.08946,9.516069
483,419.7002,578.5767,239.56975,5.5095563
484,671.6881,529.1949,154.24762,27.95904
485,582.9302,697.84174,216.66876,26.328053
486,625.36945,450.05167,-0.3206538,2.0782712
487,699.4799,585.9038,90.822685,9.054761
488,456.6838,776.643,70.988884,15.589879
489,600.5456,474.56277,33.090427,2.548432
490,739.35254,602.3333,105.636894,28.897896
491,575.8482,628.76044,-2.407881,4.5504074
492,654.3908,505.34332,56.33591,13.1543045
493,755.25684,641.35504,46.636448,29.081917
494,629.95715,750.15704,154.52254,5.252077
495,616.5853,589.78015,146.69833,12.363793
496,538.4748,540.39215,146.89073,2.1953182
497,721.6507,533.6659,51.742596,8.913207
498,535.54285,748.6707,98.11438,12.327976
499,621.5106,532.40564,69.61977,3.815791
500,561.85364,579.1438,92.821144,11.11829
501,576.2012,638.26105,153.2162,4.1293497
502,716.909,674.4669,99.74607,17.758282
503,728.0914,478.24765,124.33143,10.583915
504,585.2238,596.9252,44.549217,10.60179
505,668.1815,729.0485,113.65271,20.026337
506,519.21027,579.4186,194.95691,15.973369
507,894.8485,555.6313,213.09436,25.427847
508,606.323,540.6879,86.05344,15.364787
509,579.71185,527.27527,190.74602,4.9289923
510,592.00793,610.74554,195.72142,8.413406
511,473.5356,672.58466,202.28831,17.72509
512,542.72986,515.10077,246.4148,2.9331338
513,655.0538,568.71375,206.72333,25.170752
514,684.05115,510.35925,216.74187,24.936749
515,450.87592,587.95197,97.89394,5.0661316
516,629.3078,637.964,84.10835,19.028812
517,520.93787,538.6192,213.63843,5.6292706
518,645.9412,517.818,68.26641,11.428856
519,636.0528,679.3746,224.07887,17.295265
520,591.0707,597.0477,123.506546,6.560752
521,604.9187,553.38745,26.887947,24.537903
522,463.65555,695.14264,149.73392,2.6590104
523,622.6265,704.78,140.73293,17.894833
524,592.49384,639.75665,91.525734,26.926617
525,646.86163,648.6317,122.682625,8.992385
526,583.8081,559.68616,2.355258,15.850019
527,348.7326,565.74963,7.582101,17.497498
528,579.8112,610.65094,10.518598,18.440369
529,630.29126,709.91565,188.29584,26.646261
530,615.5593,491.14767,248.17332,11.219091
531,711.97266,455.50058,190.70187,25.572767
532,778.38324,634.25214,116.845345,21.18088
533,492.95096,512.8773,78.635376,25.537783
534,559.7947,590.2176,86.86305,18.916029
535,624.07367,602.8458,184.5338,14.970774
536,533.1525,585.0525,219.32741,2.4123876
537,438.28867,602.7429,198.34917,21.815247
538,512.2024,445.28192,194.76529,23.327868
539,612.92706,695.8125,96.67835,12.018008
540,606.9697,640.7451,151.51457,13.957964
541,517.2018,533.0417,221.49985,2.3269951
542,589.3662,517.74414,70.62491,21.63703
543,567.9238,686.8421,240.31429,24.246418
544,705.0041,525.019,187.71112,18.512756
545,659.29614,684.1859,182.44722,27.616426
546,455.20782,560.05365,172.98871,5.8130426
547,659.46204,555.78284,79.686966,10.599027
548,559.76117,673.2558,47.602528,19.864105
549,598.6176,703.8668,91.498726,10.811695
550,575.873,669.2072,7.035566,3.8858776
551,490.11078,569.9636,118.02491,29.091932
552,631.8315,647.95715,203.4851,26.341208
553,685.53864,602.96075,100.047035,29.223907
554,634.29553,604.63293,72.07377,21.391851
555,617.21423,643.3572,65.93551,8.424229
556,568.1732,564.3843,189.18611,11.547417
557,615.8383,648.0162,107.167145,2.166878
558,548.7097,546.91046,20.419867,7.301098
559,542.82007,482.5156,119.903076,26.914196
560,629.60596,493.4483,249.21812,3.5337367
561,373.33984,769.9366,14.237544,8.585763
562,642.6793,673.07965,151.77805,18.5285
563,623.8635,687.0869,92.22373,28.401743
564,509.61954,595.32404,190.26105,13.052572
565,543.52625,479.0007,168.22404,13.531008
566,665.98895,647.4706,79.47413,13.298006
567,704.7978,561.2469,174.49606,8.393831
568,410.34256,699.3696,86.213104,19.386215
569,553.76483,600.0744,126.40056,11.338387
570,636.95123,702.534,0.4434116,22.173187
571,706.5917,501.35754,58.701107,24.741362
572,741.5654,563.7775,239.58772,16.47506
573,459.08975,675.17004,143.92603,7.575031
574,606.1755,672.23346,177.20836,10.48486
575,564.60345,659.28955,213.70125,29.522661
576,753.41864,720.9917,93.52619,22.675991
577,670.3831,650.2394,242.74283,11.385624
578,671.2184,467.89343,138.22757,17.179604
579,586.67725,572.6924,126.53935,18.570484
580,651.3422,595.34735,71.991005,2.4618514
581,620.4114,621.2704,52.463844,18.82212
582,640.19025,741.2206,59.01272,8.780912
583,839.3783,478.41086,59.77841,8.21612
584,617.2615,449.88605,168.43419,5.7283716
585,500.0543,573.8671,208.49329,12.064598
586,642.68536,746.3423,241.88062,27.197756
587,501.1594,776.47186,172.99289,11.335955
588,507.75348,546.029,189.31775,16.105412
589,536.5104,438.18433,240.63211,27.140034
590,618.2346,628.5728,189.72789,16.533237
591,717.00494,455.49158,65.74967,4.672493
592,677.9897,768.0572,194.98164,9.774849
593,452.94882,595.3966,59.38352,17.82006
594,478.86877,495.1058,182.97122,2.839028
595,549.3932,639.9417,156.53394,4.6636624
596,609.2569,633.5498,116.48982,4.777869
597,547.39264,656.229,190.48659,21.827936
598,603.9098,526.5202,101.91749,3.9292314
599,569.02686,511.9116,185.22621,15.650833
600,433.19678,589.42554,24.99864,3.649951
601,631.4002,789.9425,246.67323,21.30918
602,615.32367,548.8841,87.06725,7.910309
603,808.4582,609.40594,121.28064,14.347781
604,552.97614,733.55566,114.897125,27.452251
605,476.84555,692.73663,8.996636,26.719597
606,642.17413,617.05817,238.92072,23.00161
607,509.3421,536.92377,237.63535,27.839499
608,571.32007,495.56757,152.3255,10.873588
609,533.7746,716.87213,250.4296,17.85859
610,576.99756,579.65247,192.03899,23.514116
611,675.5217,637.2872,27.778502,29.14152
612,498.85342,683.0506,37.73894,24.057674
613,642.527,670.6702,13.80638,3.7248192
614,697.2707,625.8146,255.70651,17.52285
615,649.45,644.13605,175.07176,18.487087
616,719.9295,605.63837,119.864845,27.165771
617,539.1582,419.7499,204.03416,10.195665
618,626.2609,550.8983,130.37886,12.811536
619,627.6279,498.00464,193.34544,12.021262
620,653.9114,727.9866,56.84981,20.41531
621,561.4349,761.60596,182.14413,7.230956
622,701.9798,451.00595,80.060486,11.085871
623,504.90564,553.8505,222.55513,18.46775
624,729.72424,611.39624,160.55275,5.440588
625,701.5118,569.53894,123.96938,29.37579
626,476.18234,700.7964,89.21276,28.244904
627,739.79846,670.6429,67.66635,20.595982
628,652.9328,774.56067,42.035923,27.302069
629,615.6939,473.7077,136.6446,16.786442
630,640.37085,701.9242,200.19485,24.667898
631,679.65924,493.3239,224.34976,23.952662
632,565.18445,557.52545,81.35356,24.326286
633,577.8066,493.0409,234.82007,8.827568
634,528.74963,524.481,117.5363,10.017046
635,750.9341,570.9399,178.09126,26.333767
636,723.7775,714.5136,46.001575,19.188831
637,643.5858,693.1456,137.39696,2.4881504
638,662.72845,626.06195,147.51576,5.974352
639,595.08984,651.8694,218.18814,25.859602
640,737.561,534.7095,84.97069,7.2583733
641,553.74036,514.1919,73.13372,27.43783
642,484.552,634.2677,137.11479,23.624023
643,533.6864,615.3535,211.1928,27.277393
644,578.1351,653.62616,169.5603,21.200111
645,553.8352,625.9434,224.89175,28.494507
646,643.3705,631.78107,144.96117,3.859617
647,738.8031,618.2905,10.7403965,13.252454
648,571.23926,698.413,186.11041,18.192566
649,532.77905,642.18225,139.28998,16.5983
650,582.803,558.54865,22.461859,11.238186
651,549.2927,595.8038,144.5377,19.920769
652,661.6644,619.6197,83.002106,3.8420331
653,567.42645,456.332,241.70247,11.086187
654,619.8362,464.34045,28.092674,16.121634
655,644.6512,544.2575,37.47495,9.862572
656,660.5353,649.85913,116.84747,10.984522
657,599.5602,587.2803,102.86129,21.135824
658,608.64246,575.06055,72.35068,14.738469
659,791.33673,715.1347,204.34282,18.918135
660,491.31717,600.7975,243.23053,20.0455
661,590.54553,497.4491,179.7292,14.696329
662,635.227,447.15674,177.93022,9.967096
663,619.95013,719.03375,139.18806,13.903801
664,570.5883,677.4235,48.90812,16.48315
665,437.13376,632.79584,175.0821,11.047991
666,648.2812,542.3408,59.410267,15.184759
667,503.44244,580.466,76.72141,12.2979145
668,562.053,670.0376,73.581764,18.071411
669,614.74963,520.5969,167.61713,16.332066
670,544.475,457.31647,195.40752,5.4442225
671,468.4917,628.3577,210.9098,26.353115
672,543.2635,796.46423,82.526886,22.38446
673,469.02744,659.8195,94.99653,11.9660845
674,681.8568,514.3948,26.520733,24.533247
675,615.13257,554.2848,60.560356,26.853085
676,700.20795,580.115,53.110588,2.8248286
677,746.05756,550.24756,77.578766,7.809315
678,599.8828,744.669,91.26899,7.139894
679,678.7231,583.29944,26.64097,23.86868
680,586.84576,583.57776,151.9216,11.892763
681,511.82486,650.17163,37.61785,13.267172
682,598.7429,537.97626,38.945293,8.389608
683,637.3961,401.48517,122.728226,9.379922
684,696.4833,755.86206,101.5469,21.124943
685,683.3842,663.637,244.26166,24.22268
686,581.4992,607.24915,215.22853,24.438103
687,575.3549,583.5934,229.44315,19.517258
688,636.8167,657.32434,99.397224,18.236118
689,761.70404,522.42017,224.00906,15.757254
690,640.6068,539.3602,34.428,9.596903
691,574.95776,544.5205,223.27794,20.437006
692,587.81274,576.3069,106.12343,13.477724
693,558.61505,736.003,215.54117,2.0722997
694,563.7535,622.30585,248.28812,7.636526
695,469.65176,644.1867,24.767395,25.482796
696,594.1022,491.68118,8.60899,3.0829253
697,499.33902,625.91144,16.583231,27.847338
698,543.644,588.0668,233.83047,9.455075
699,665.82025,708.4361,160.58827,12.296389
700,594.3076,475.6814,126.02561,29.89815
701,595.5725,605.4126,110.15918,21.469606
702,591.1972,681.89044,194.23616,10.218161
703,628.8216,423.6864,24.599874,18.928114
704,736.94696,620.80426,108.59335,17.906477
705,521.5741,688.4054,131.12225,22.144293
706,623.2093,558.76764,199.29654,22.368908
707,650.3461,662.7453,29.981733,9.758753
708,635.02155,656.08984,93.32882,26.328844
709,563.2521,614.6257,227.98889,9.843764
710,433.33487,654.7593,75.546364,26.574831
711,678.16187,608.87494,185.99965,19.181522
712,502.93848,604.1164,51.832573,22.344425
713,575.47156,704.2539,216.02742,11.378387
714,641.45337,679.4242,0.4072702,2.7213316
715,501.97855,507.96475,134.25615,7.504463
716,584.5036,716.6381,114.968185,5.2020493
717,589.9154,601.53143,-14.62587,7.570757
718,461.2088,592.24744,159.1468,25.479502
719,511.0086,670.6554,124.91022,27.42028
720,688.684,589.33105,225.817,28.599968
721,460.61664,601.957,214.1413,17.58936
722,461.61768,633.709,133.32484,17.76894
723,659.63257,771.0946,194.78967,24.652395
724,570.85345,683.9531,158.52428,10.691768
725,569.0115,514.4896,34.477757,2.9469292
726,556.7579,554.8177,192.8541,6.6042194
727,651.07275,453.53482,28.755196,7.0227385
728,656.291,437.70398,120.348694,15.931671
729,578.9942,642.5284,7.117708,23.492928
730,441.2705,578.8606,72.52775,27.3566
731,407.88303,546.3958,246.4051,8.198386
732,735.48315,557.2942,74.41246,28.202969
733,485.35544,704.22565,257.86203,2.928903
734,589.9296,378.17337,194.64294,26.380613
735,589.33844,593.17096,17.259823,5.7610855
736,388.02148,480.643,153.15758,18.278778
737,508.26843,593.2471,99.76989,29.949562
738,791.07153,626.35144,11.392206,18.248032
739,695.2597,545.5701,212.01877,12.005204
740,374.8173,557.8344,250.42676,12.644743
741,680.59424,649.9692,215.64052,5.061721
742,658.1203,583.084,71.36785,6.499776
743,583.5033,574.52716,49.189396,24.00652
744,493.38162,459.7499,191.30408,11.068908
745,433.99585,515.20764,28.089077,14.457466
746,665.5233,572.1041,45.614357,15.869227
747,583.2878,564.7341,212.2612,21.015913
748,624.8536,676.20667,56.5204,25.034243
749,760.7514,654.12384,176.44849,19.01709
750,617.7263,641.5333,259.05804,13.348431
751,621.7999,706.8514,41.257652,24.118752
752,526.3914,623.43207,30.29558,14.254993
753,379.07224,597.5133,105.702705,12.591573
754,517.7318,575.4781,144.23804,7.261587
755,519.37177,574.6087,116.716095,29.362492
756,630.82166,385.0568,155.19113,15.978329
757,485.46753,566.9978,210.22696,13.163622
758,528.4272,503.2927,232.4755,23.67826
759,615.0683,660.9375,55.32867,7.191723
760,434.90878,512.4435,163.8685,23.628332
761,594.64594,585.9896,113.428764,19.310472
762,581.3155,611.84296,220.91634,12.04165
763,705.17145,474.8729,181.20412,8.041605
764,666.095,524.0808,161.89517,5.579775
765,588.53467,621.0212,36.34529,4.590912
766,617.30457,621.7369,161.25894,18.805258
767,691.0615,589.07184,112.22317,6.327387
768,478.62433,484.01968,5.972608,5.4546585
769,585.7581,490.02097,209.28638,2.053137
770,619.39575,782.2926,153.93842,13.164283
771,628.84753,623.8959,119.63632,20.829369
772,527.09546,693.9392,226.52728,16.314898
773,482.4558,642.3451,160.95355,14.009376
774,631.9609,455.48666,110.66338,24.635977
775,463.26538,628.55334,185.93771,20.609442
776,497.70898,539.72437,224.63667,28.48006
777,657.16,667.3785,118.83371,16.54731
778,663.0168,455.9147,195.5332,26.286226
779,644.35114,500.85583,193.3595,26.107018
780,634.0871,672.42834,176.18448,18.429497
781,635.9685,566.8484,15.625487,5.947665
782,569.5434,723.37634,106.67242,29.817575
783,692.8505,495.8683,21.895733,4.9488926
784,670.1076,475.7101,154.10982,26.353674
785,420.0262,663.87396,32.03331,3.2514439
786,609.34424,604.996,144.99411,5.526841
787,613.9008,618.7699,28.633364,29.269335
788,611.57367,471.45242,215.16783,14.400008
789,522.8101,717.33295,149.329,25.669592
790,501.9111,614.3175,180.06345,29.308504
791,776.9405,590.3407,33.971603,9.973322
792,662.0792,685.7771,132.93483,6.513975
793,698.7221,442.21478,107.98018,25.352053
794,823.65814,511.6597,139.27408,18.422956
795,640.8574,503.9964,134.91364,25.387718
796,586.46423,746.57434,82.48095,4.006673
797,602.5427,619.0461,16.56549,23.232388
798,546.13086,540.7544,74.90226,27.666721
799,598.9726,663.51227,56.467037,13.131719
800,533.833,557.45526,87.45808,16.58559
801,638.3054,632.6238,12.782263,8.238371
802,588.43506,555.66547,47.85519,9.874676
803,549.39703,690.5283,128.95076,18.799765
804,507.19507,492.323,164.95105,26.565681
805,709.78534,521.67084,58.117367,10.108206
806,534.1042,834.7399,129.87502,11.35232
807,627.7144,673.51074,166.96346,25.186775
808,529.9843,649.2777,191.65977,26.333458
809,718.1377,676.60205,65.645485,7.3761663
810,647.7188,737.4451,186.92792,21.879047
811,554.7263,705.7078,111.37208,21.297235
812,612.7243,785.9516,228.52339,7.8671036
813,656.993,657.5471,142.27028,24.790749
814,655.32983,579.0585,68.87849,18.341434
815,530.37494,712.3344,123.03811,27.266502
816,623.0517,383.47668,139.1626,2.2212667
817,464.74084,634.63,230.79045,22.502615
818,645.4844,627.9377,118.200874,6.8484154
819,753.02026,727.97784,89.38205,21.584284
820,646.57245,559.97046,30.27014,14.365517
821,617.7411,618.13135,84.60411,6.8088284
822,822.6359,742.3595,59.355125,20.34829
823,432.27225,508.24673,224.20142,28.647049
824,687.33,752.5533,149.78917,10.620987
825,707.9812,528.6871,151.21953,7.064078
826,632.8873,607.389,28.007462,3.3103938
827,623.8321,696.8537,175.49126,9.6778345
828,578.06903,709.5343,179.21092,12.170189
829,572.4761,653.56866,176.49588,21.568848
830,542.2018,546.95465,50.988678,11.952295
831,610.63446,585.3784,-9.897587,10.438591
832,600.2269,580.4845,54.124844,24.72042
833,598.6879,591.12354,82.54969,28.818687
834,501.0395,739.0173,50.79422,21.786295
835,539.4428,550.54425,78.78105,6.921972
836,500.48126,674.671,241.15202,27.3817
837,646.7743,713.76056,212.32906,25.447954
838,616.2629,640.70514,233.57532,7.9270334
839,573.40375,708.17523,204.0433,3.3461823
840,638.5202,659.77155,146.19153,13.175613
841,742.9931,552.7499,47.14638,12.525601
842,583.3615,680.2855,65.544685,3.6449008
843,655.42,517.45294,179.11078,3.2882004
844,483.9094,819.324,17.434948,15.321877
845,573.4183,493.41547,193.08331,19.559855
846,549.61115,450.3532,218.13295,21.068026
847,565.26514,669.45844,130.15735,22.677422
848,637.99066,504.13327,144.54399,27.555023
849,668.96405,624.9327,112.6128,14.64279
850,584.60785,564.5257,84.23348,26.728445
851,534.6247,574.2868,226.89594,18.633497
852,509.62848,559.33746,75.720055,13.203899
853,743.9064,518.3291,207.44931,19.615065
854,689.3574,622.6921,111.63768,15.816166
855,602.6736,577.66064,55.225216,10.768832
856,696.4949,673.3182,217.87064,12.622309
857,604.51483,753.04706,120.3341,26.95526
858,592.27625,468.75064,142.00327,14.547699
859,652.9608,525.5764,100.609665,7.5879765
860,542.00354,649.7704,85.737625,9.789486
861,562.5451,615.5048,241.91801,4.2975492
862,561.3473,552.1326,181.1506,7.9736633
863,567.23706,601.20264,113.044365,28.002796
864,642.8138,521.3556,18.522133,22.504606
865,792.1453,541.8147,20.222012,21.05556
866,530.4301,659.7094,204.41908,4.8430157
867,509.3848,657.12427,144.00592,6.744087
868,664.1433,648.3021,166.3005,8.58
869,516.83325,485.7253,189.39769,11.579585
870,536.2745,488.5341,210.5468,11.809414
871,722.636,875.98706,100.5088,16.586973
872,546.45166,632.5001,261.27594,20.793196
873,555.6999,656.87585,21.072845,28.598465
874,665.8372,619.6236,113.88024,24.308222
875,674.9815,669.2442,25.216581,5.819188
876,614.1701,506.0201,96.80466,12.088385
877,551.60864,583.80585,136.82767,27.39672
878,583.68286,597.5591,175.56105,18.85062
879,584.09296,595.6563,44.120514,8.268011
880,647.0861,700.2121,50.114857,17.62341
881,467.14728,551.35815,185.02594,3.2516992
882,571.8645,615.5129,162.05695,23.27422
883,526.40265,644.61646,122.33623,11.46339
884,450.25516,599.50336,109.92873,25.738758
885,501.26474,628.9971,209.00014,18.10474
886,632.9415,767.37805,49.433044,3.6576047
887,561.4551,623.52997,117.52686,2.1514804
888,736.4641,673.7029,40.813473,15.780645
889,577.2913,631.2958,119.498795,29.264584
890,616.72974,691.5994,193.06665,23.149181
891,517.50934,590.1707,38.898228,23.38454
892,744.54016,528.88245,185.301,18.940584
893,494.33566,615.9024,34.334194,17.140453
894,636.70874,480.2019,26.06821,14.8786125
895,597.05927,490.03162,86.86216,5.7998767
896,670.3116,443.90372,182.7097,28.879423
897,533.378,619.3929,33.676117,20.57647
898,609.46814,613.0519,131.01984,20.412216
899,569.76373,672.62695,245.7259,13.46221
900,558.601,485.45264,97.51529,11.884289
901,577.85474,654.73615,193.7153,15.308258
902,584.5095,654.92505,84.32168,24.881542
903,547.8463,529.97296,46.17159,11.780575
904,763.1751,706.1662,174.18903,21.662256
905,588.71344,622.97534,48.144844,21.386866
906,829.3944,691.1523,2.5380435,9.957382
907,586.7632,643.17035,101.05359,5.522586
908,646.2899,759.4008,70.0553,15.60516
909,615.1022,478.889,212.67332,27.114275
910,501.75772,518.0744,195.76855,2.2594535
911,757.536,610.16547,-13.996691,24.835608
912,825.11694,600.58215,59.116318,21.465313
913,634.7174,458.8811,82.59101,14.109071
914,402.8552,754.9729,163.88397,21.584894
915,541.20996,638.1845,111.53001,24.44611
916,663.6273,793.38525,31.427206,7.8624606
917,509.75186,437.5256,56.16196,12.569979
918,592.8895,674.2958,71.14349,6.5067286
919,649.21954,459.6611,121.38205,9.845155
920,495.80463,612.4905,20.716547,12.897695
921,594.2499,695.6082,80.61569,23.629269
922,434.73077,582.7302,192.44421,14.436449
923,623.7454,630.0692,104.73985,26.279772
924,659.8131,550.9265,129.10326,22.380583
925,561.8583,621.2808,155.99443,12.887194
926,566.2593,564.7962,104.512566,27.16275
927,561.35785,442.28366,101.80867,29.75659
928,718.79175,655.5967,212.25159,18.78119
929,606.5875,481.2255,96.67681,25.792883
930,711.4,507.24448,15.464998,13.171507
931,662.22437,564.8892,13.227554,12.0259
932,558.522,679.9818,251.74422,15.99915
933,526.7773,590.13635,108.5963,25.486305
934,653.0049,602.42316,70.182915,24.720003
935,610.9072,444.1628,152.67976,9.650998
936,596.64044,558.03687,25.223007,21.397434
937,729.0849,514.353,82.926895,15.040132
938,546.82275,544.26,183.16975,8.681404
939,597.3596,701.9266,155.65767,2.7793603
940,534.28973,551.5813,108.59601,25.278917
941,646.81213,484.17682,195.15865,18.739597
942,562.3475,615.5218,28.363636,21.593441
943,736.22455,587.6346,226.58482,26.119009
944,436.0445,487.83054,219.79977,29.089287
945,538.3899,504.95572,216.29498,5.112598
946,703.873,539.87933,29.669767,21.138206
947,736.10297,644.1753,218.7143,8.884997
948,725.15344,541.03796,149.94666,11.110369
949,797.245,620.17883,32.506393,17.871555
950,661.5863,599.2129,81.65781,14.448017
951,589.3832,467.1246,1.3047141,12.117835
952,791.23505,628.3512,116.68711,12.26335
953,414.94147,521.75507,150.54698,23.752747
954,689.25665,593.96674,189.43367,2.1751292
955,517.7108,518.42535,50.621193,20.78723
956,539.59705,714.99756,53.08179,28.871876
957,773.3955,569.8346,4.042601,4.43804
958,770.5492,542.4154,206.59753,18.181232
959,592.67523,432.57883,109.02956,14.481379
960,563.6857,586.75024,67.734985,27.840485
961,638.56323,633.745,229.26343,29.318213
962,472.0867,630.10254,6.488068,15.995439
963,619.1359,548.7675,43.756622,28.243652
964,573.4455,611.50256,199.29291,24.684277
965,783.4475,538.9275,131.98296,22.806183
966,497.33505,611.76465,211.62657,26.857605
967,627.3518,441.48462,53.303535,20.255306
968,696.50946,608.75824,68.23898,18.20119
969,650.127,564.598,233.68166,20.232786
970,673.6117,449.52454,30.002054,26.206696
971,836.21356,668.2263,187.73978,25.574535
972,590.5179,552.23285,85.16943,21.308779
973,763.0216,480.90433,34.770042,26.056894
974,674.8843,669.4229,74.19137,19.891901
975,604.0149,621.708,102.52163,27.028925
976,652.9487,501.81958,9.083037,9.672741
977,524.5342,730.7091,232.18338,27.195908
978,618.62274,486.48944,122.44136,22.177206
979,465.05844,489.65384,51.58359,23.620064
980,679.6571,726.23987,224.64584,8.235052
981,531.81793,603.0001,249.03612,8.731859
982,406.29056,560.90173,94.91906,8.77803
983,753.60626,434.14224,45.42152,3.4357872
984,769.9578,515.2538,191.65758,14.604935
985,733.7099,666.1371,90.83897,21.07262
986,587.6947,655.55835,161.07912,21.711578
987,514.1634,569.1429,191.0386,12.07726
988,880.2052,672.7414,215.08034,5.5063653
989,470.1506,478.49225,246.77832,28.84688
990,590.6957,651.12335,24.24416,14.660473
991,595.571,656.56946,190.95255,8.994846
992,490.13968,590.9189,107.811646,12.081361
993,754.8231,650.94226,237.87799,28.385792
994,623.7249,527.58594,87.31097,25.84223
995,621.8955,642.90955,43.09211,18.888363
996,588.0189,606.9341,120.00231,21.82867
997,663.7776,604.60876,192.51791,8.593455
998,621.2171,532.2746,188.28435,14.045097
999,525.53,528.1421,241.14955,21.464087
1000,618.16876,680.85583,36.997456,25.313013
1001,578.6224,633.17505,96.21502,25.33251
1002,586.10913,430.50653,251.95103,8.533746
1003,656.3961,581.9451,191.7437,28.35264
1004,574.8486,537.3004,205.09761,26.51049
1005,549.18195,502.27054,-3.8624191,22.15047
1006,661.5646,535.4108,133.277,8.946276
1007,658.67755,597.58746,201.20175,6.878461
1008,561.3214,609.4053,143.22702,12.761176
1009,535.5785,569.2421,98.235016,28.246532
1010,631.43555,543.51965,173.46463,3.0969594
1011,575.35455,567.6969,200.6434,2.6334574
1012,675.16656,775.51013,148.4882,5.780509
1013,588.301,421.08185,55.81644,22.027868
1014,638.8559,589.3167,225.45293,20.767138
1015,427.15848,627.4626,209.7774,18.444035
1016,657.8555,716.54047,247.47624,25.036413
1017,603.4339,702.4232,41.938583,21.42865
1018,650.72815,678.8665,214.95189,18.10961
1019,541.693,686.6341,92.958496,6.3324575
1020,696.4967,540.7808,55.419315,13.029692
1021,511.68756,470.84055,238.03685,6.3641753
1022,656.59436,484.7847,73.855385,10.209866
1023,579.7735,561.73975,214.85606,5.460216
1024,551.74286,556.4554,204.76231,22.620571
1025,628.7919,634.9765,37.237537,14.266843
1026,730.0469,664.1286,209.60289,26.640478
1027,587.89655,531.7632,105.92674,20.80279
1028,651.84283,529.4704,197.07379,17.524876
1029,572.19617,569.366,25.985586,12.599757
1030,573.8509,680.3035,168.30748,12.512888
1031,770.6683,544.4844,149.80652,28.441921
1032,497.6035,660.90027,189.2598,16.458649
1033,727.58,545.6146,200.71417,22.568117
1034,543.64935,669.8326,124.320305,27.573864
1035,556.55615,465.00095,222.95891,21.873207
1036,535.9945,557.6439,241.42564,7.1406384
1037,647.5007,555.53815,181.84816,29.947691
1038,574.44073,645.9993,239.48206,28.311842
1039,750.0105,683.5829,184.27747,15.613579
1040,615.7117,710.3371,39.53903,24.467403
1041,444.47122,581.04224,125.47906,28.023872
1042,576.9582,572.11755,140.24522,16.831274
1043,737.6302,635.77576,139.86696,5.6549253
1044,651.3089,549.5368,36.76703,23.656378
1045,679.1302,546.19293,82.474174,14.084117
1046,623.19055,686.7959,57.856743,29.421219
1047,464.1962,625.2148,34.57061,22.946829
1048,663.54224,647.6853,242.27112,16.007612
1049,629.7989,587.80273,136.90259,4.730692
1050,550.21533,638.34814,32.019077,21.287205
1051,374.00833,648.3175,221.83177,18.103142
1052,612.9849,378.07062,226.86383,12.165443
1053,558.1729,595.9014,4.686554,26.479939
1054,575.37585,632.85657,34.202255,25.833508
1055,615.7536,642.19904,57.617214,6.913802
1056,567.6045,479.24295,106.585945,23.366787
1057,554.0335,448.88388,221.94505,24.688442
1058,633.0016,494.75632,114.77566,19.175888
1059,676.1721,442.8158,77.05215,27.005043
1060,588.9215,524.97864,212.54448,17.14319
1061,583.40356,649.6394,172.11864,23.795763
1062,529.99274,695.71576,160.21124,7.2327633
1063,683.8722,642.3502,61.419582,2.1278434
1064,487.13083,615.34204,204.6637,18.299305
1065,564.54297,748.32336,2.5774875,13.197523
1066,604.6731,499.58136,232.08725,25.785892
1067,654.0452,643.9638,168.68707,14.066209
1068,514.92236,597.59845,14.964683,4.7208667
1069,566.3286,519.9908,25.876524,5.7619553
1070,597.74005,641.8915,244.87024,27.31944
1071,665.37585,551.64154,121.88001,7.0435667
1072,459.7405,529.32904,130.09697,26.670757
1073,597.18,646.4994,156.35435,20.077175
1074,566.3302,602.63666,261.36816,14.239426
1075,579.6098,634.3595,117.65837,27.767294
1076,472.32593,557.0373,96.77755,25.712173
1077,699.49896,572.76385,55.563393,4.96566
1078,550.4449,652.33356,72.250275,6.2433968
1079,722.9683,541.2513,157.3157,7.888114
1080,768.2786,617.71246,152.08609,9.253433
1081,586.13293,608.84503,58.59822,3.626701
1082,666.0511,582.84344,37.59527,20.153236
1083,637.39667,529.8456,103.16416,28.662823
1084,682.065,538.1683,82.99081,12.939379
1085,559.40906,707.77185,163.24213,24.966694
1086,670.0942,555.7231,198.51993,9.44191
1087,662.7235,547.4583,110.64032,17.995487
1088,547.7938,546.6014,244.61115,23.71981
1089,529.5259,671.4094,123.84707,7.2514906
1090,600.929,639.00775,179.614,29.977976
1091,581.7093,589.0738,183.34781,9.79403
1092,516.7293,515.81384,205.40875,25.40589
1093,583.41626,635.0337,155.77295,12.164154
1094,602.7618,546.4267,9.181841,4.179611
1095,626.03577,558.9058,128.1939,16.71582
1096,681.9892,510.0223,161.37247,13.880888
1097,685.43097,547.9946,65.23633,19.6757
1098,406.83337,645.9653,86.77318,15.812915
1099,659.21423,540.40533,205.46565,13.887555
1100,540.3822,673.46216,21.232792,22.862104
1101,661.3477,670.7573,156.63219,9.83566
1102,565.4149,663.8389,52.78499,6.0871863
1103,632.6576,636.86957,160.5105,15.071509
1104,659.47076,484.29266,151.49843,7.2163124
1105,513.24255,565.538,103.31036,20.66349
1106,479.8484,638.1995,92.169395,10.492863
1107,573.50934,555.7602,120.11818,12.011925
1108,734.6876,701.03326,31.640217,25.311483
1109,656.805,732.2367,160.7993,5.771051
1110,591.93805,518.87775,162.68651,22.995749
1111,750.94104,830.9732,63.939014,6.331995
1112,511.741,559.297,68.79334,24.743086
1113,638.7727,736.9702,44.396545,21.170677
1114,732.01074,566.1489,152.3825,11.744188
1115,704.3549,483.07355,217.63994,7.3636675
1116,719.3451,506.43204,170.95363,7.003648
1117,680.6699,556.1241,167.59627,27.922455
1118,658.64465,465.57416,204.81602,22.36372
1119,679.0512,635.185,200.9643,14.679173
1120,637.1419,722.35974,183.63191,22.269794
1121,667.9852,583.9392,104.12912,25.848686
1122,508.21365,606.65045,251.24321,15.206804
1123,668.4384,606.7696,218.57635,6.8549395
1124,464.8818,712.05707,63.389454,29.461437
1125,759.91565,580.5952,75.46966,13.492593
1126,679.1843,670.97815,183.84163,15.59313
1127,556.67584,516.961,11.3295,14.13522
1128,587.7963,403.35696,227.49724,21.083206
1129,603.9478,805.6358,235.96977,20.822666
1130,661.0805,558.3054,260.90146,7.118989
1131,520.87494,598.98,106.34266,14.174541
1132,666.5434,561.901,38.294262,5.0887756
1133,618.54987,618.48706,110.62501,19.883177
1134,663.93665,615.04895,101.636986,23.532192
1135,690.63837,486.02887,86.614365,28.924753
1136,520.13416,580.7582,100.63209,5.11411
1137,594.3644,654.35754,63.651108,12.665649
1138,616.11176,455.06372,224.24783,6.4619346
1139,567.1036,673.2132,220.61685,8.994196
1140,659.31854,547.5498,80.270355,29.906204
1141,694.3886,725.7669,126.15784,8.925301
1142,559.81805,593.6933,71.523506,2.461032
1143,469.84195,648.6421,52.80175,5.4432096
1144,723.6569,597.52783,19.276613,8.629288
1145,632.98834,623.5236,91.35774,11.49064
1146,560.5808,486.89832,104.59515,29.360874
1147,703.3913,636.75397,174.80106,23.99197
1148,626.0875,712.13574,212.6459,18.961
1149,575.3289,617.5609,109.86814,10.813693
1150,702.92175,542.8386,151.38878,12.857443
1151,685.1029,437.9538,203.55,5.003271
1152,627.3968,623.1119,17.565031,13.496473
1153,517.23676,519.5399,44.15678,26.082487
1154,596.418,465.19272,146.43124,23.539692
1155,570.8851,498.30994,186.98087,18.364702
1156,563.41754,530.1776,16.358324,16.958714
1157,631.88544,622.4508,141.30365,25.166685
1158,728.474,529.1733,13.477606,24.23956
1159,557.69385,401.76978,108.38416,13.531267
1160,618.8547,583.1902,50.2926,10.0692005
1161,486.5192,515.20105,57.710106,5.99144
1162,649.73346,752.3083,111.03959,23.625862
1163,532.9442,743.2415,117.20953,9.501328
1164,682.7437,648.2755,80.49729,15.663018
1165,469.01617,554.88556,32.746723,3.633809
1166,590.31537,584.13403,59.40396,16.382282
1167,676.8022,565.02783,92.831955,15.385385
1168,596.22125,702.4504,174.47424,22.738373
1169,611.064,709.277,21.620983,8.510233
1170,567.64935,429.78534,41.81016,29.102606
1171,648.47363,760.1849,129.66919,7.488964
1172,518.43787,646.7396,20.496834,20.610752
1173,519.58185,625.29193,187.844,13.472851
1174,725.45496,771.7565,15.758455,8.2043915
1175,610.63416,646.17334,109.65379,5.4675994
1176,631.2917,727.3484,140.88857,20.197498
1177,429.45374,604.4702,10.908762,7.4565983
1178,596.7727,387.7322,204.17084,9.705148
1179,675.0026,689.971,253.28157,4.1236234
1180,488.76166,745.5101,71.26427,24.689022
1181,594.28754,637.8365,221.36905,16.518291
1182,478.2101,518.15857,203.55734,16.623158
1183,528.5063,573.9663,213.74803,12.801157
1184,627.7458,595.62524,137.63458,29.468365
1185,584.6309,604.1162,236.05708,27.683084
1186,686.912,699.1941,132.22778,2.0579336
1187,634.5064,590.4531,187.69035,23.097464
1188,610.69037,409.11353,48.402843,29.121227
1189,528.55286,586.79663,34.22024,20.962952
1190,553.0359,590.74475,27.72946,10.673388
1191,692.0537,724.32056,207.06714,19.74553
1192,637.32355,597.315,165.1266,23.73415
1193,682.786,696.83136,242.8432,8.236015
1194,658.53894,597.6356,72.4289,16.349684
1195,472.2528,769.19135,182.18637,21.034409
1196,565.3421,684.8944,48.110767,7.408909
1197,485.49332,674.11554,235.17067,26.374771
1198,555.35986,518.61395,162.8403,17.187717
1199,522.5571,635.38727,211.93193,4.020687
1200,624.9272,528.05273,139.90663,29.026726
1201,557.3585,787.6971,20.732374,8.085533
1202,613.0383,683.1729,214.85194,10.843182
1203,554.42175,629.921,9.116536,24.04603
1204,587.00183,536.42017,142.32944,22.776285
1205,566.03674,732.9521,204.12599,29.370544
1206,525.5718,652.2077,66.32078,9.33509
1207,568.402,523.41376,120.516106,29.71257
1208,552.801,609.67456,70.18195,5.8151293
1209,501.25662,684.6863,239.01285,3.3485239
1210,670.9209,763.7706,255.0675,3.0166354
1211,563.8162,648.31006,54.594795,23.479586
1212,485.7036,689.7012,241.26785,16.664337
1213,602.198,714.92914,178.68513,28.368532
1214,712.8073,609.9105,222.60098,28.314234
1215,561.82825,751.7711,248.94466,12.431637
1216,703.69086,625.44336,227.07542,20.541998
1217,654.5061,679.6739,171.0425,15.926365
1218,634.97363,611.37177,12.938763,29.133514
1219,704.691,497.72314,17.92678,29.530054
1220,650.8681,573.7749,94.54322,24.821335
1221,567.62415,662.25775,16.658205,28.841799
1222,572.218,652.08344,111.7394,15.499077
1223,667.3838,601.10583,120.46146,22.796373
1224,723.25214,627.6766,122.222855,25.154902
1225,641.6434,654.7106,191.99733,4.479327
1226,672.7094,559.7752,18.199024,7.037729
1227,717.5265,506.56583,-0.93722594,16.388071
1228,581.68964,529.18384,42.85855,16.536678
1229,570.7631,540.05054,190.86742,29.494158
1230,682.1658,518.95966,189.39798,15.332911
1231,545.8783,469.6992,200.42189,11.413613
1232,712.96234,704.1283,237.55911,25.679403
1233,463.50507,716.16315,155.336,19.65953
1234,615.50256,571.0469,18.176725,11.971018
1235,552.559,565.2301,128.6118,3.5956156
1236,468.76215,618.04456,74.37433,15.564917
1237,520.36426,528.8766,46.037582,4.7805943
1238,606.10516,487.8467,62.32734,16.26822
1239,467.16647,599.9078,104.49428,29.527567
1240,546.4402,556.1684,108.91468,27.880766
1241,441.46252,511.87125,186.83173,12.524309
1242,540.4658,730.37634,39.646046,26.209444
1243,676.9147,492.7568,45.477398,21.281347
1244,650.88715,637.6575,49.737797,20.286835
1245,390.4857,612.981,185.87717,18.19406
1246,487.8856,607.27716,195.91177,20.049057
1247,822.6882,538.9556,151.38841,10.509432
1248,634.2849,526.64417,44.363922,23.06113
1249,688.7035,539.68585,24.47682,8.051891
1250,515.3867,635.5037,17.437357,22.315844
1251,534.4329,601.0567,222.01872,21.947453
1252,551.04395,675.9727,79.09691,3.6544654
1253,582.8167,485.5979,74.5604,19.740482
1254,468.7889,691.0015,173.7626,12.632785
1255,554.4992,580.3765,255.6778,4.359443
1256,605.4634,598.23883,29.176868,4.0390887
1257,642.82367,569.5237,32.82779,18.681221
1258,666.94965,626.20123,124.16888,14.805117
1259,719.54266,677.855,246.79361,4.4798765
1260,576.1968,511.78082,154.35295,28.466928
1261,607.8157,369.39365,205.73949,8.023896
1262,549.84546,603.186,96.85892,21.048143
1263,611.3772,736.0621,118.8401,28.39326
1264,586.71655,624.2205,245.67615,8.358492
1265,616.7847,515.54144,126.433426,3.7978516
1266,577.9956,551.7866,183.24817,2.019241
1267,647.06647,528.49384,21.410187,7.0538254
1268,626.92737,635.08655,27.39798,16.523941
1269,723.0629,517.3272,195.94717,12.3635435
1270,493.80328,757.6716,134.29857,27.48643
1271,624.62,638.14343,244.5206,20.284546
1272,465.63284,572.6971,140.32713,24.773392
1273,671.2228,650.0587,61.87947,20.087744
1274,510.72174,740.2225,129.13953,7.008883
1275,718.3214,531.33606,185.78665,24.606403
1276,704.8039,623.929,198.1348,5.203883
1277,617.1632,517.09186,63.798054,29.36484
1278,547.5812,448.85992,114.356155,22.922735
1279,506.28003,584.8306,151.1969,22.63563
1280,517.72925,482.77844,45.968575,26.055967
1281,560.12036,386.57904,53.68445,14.680856
1282,749.51135,651.1295,33.810013,13.218452
1283,620.6753,571.68994,257.2182,25.548256
1284,627.9552,662.76337,157.69208,24.01333
1285,530.68604,590.79474,3.7516475,27.366083
1286,568.15234,529.5504,35.237934,13.564072
1287,570.85114,544.88293,247.935,7.2481174
1288,643.3063,546.526,256.2457,6.174341
1289,634.0296,655.5312,168.79124,8.006422
1290,419.46555,726.84424,25.23354,17.771526
1291,432.45587,565.0543,217.04852,25.386122
1292,708.523,524.5523,260.42584,18.654856
1293,541.81085,640.64954,63.371086,27.18274
1294,712.48804,531.9939,210.67702,24.421288
1295,527.78687,401.50784,29.726469,14.265329
1296,555.78546,544.1301,245.005,18.887123
1297,600.3319,593.30975,193.7307,20.281755
1298,584.7698,700.6842,135.88043,12.153477
1299,718.1252,641.9217,145.46396,13.928123
1300,509.4394,603.84845,41.039845,5.1600437
1301,493.7464,581.19867,8.99415,22.571245
1302,545.557,492.47174,29.334719,11.301628
1303,566.7786,628.28296,168.02647,28.358433
1304,549.89984,671.463,147.69305,25.801594
1305,498.43185,562.7476,6.6690254,26.556482
1306,624.62897,659.6506,29.207691,15.088185
1307,529.6633,603.48157,238.95308,15.743719
1308,662.44824,581.4017,224.4544,27.63456
1309,823.44806,498.97375,124.52757,14.834144
1310,609.3259,686.8488,198.84877,19.518833
1311,620.3228,607.09406,212.54195,29.128162
1312,615.3283,668.9729,134.62779,12.942382
1313,689.3181,441.32306,228.50009,8.234066
1314,623.8455,610.0463,44.339222,9.40573
1315,499.3318,730.26855,125.32464,10.550156
1316,694.3138,522.22034,143.92888,4.1621523
1317,426.7562,571.4709,198.68362,22.988468
1318,600.2974,674.8813,23.321144,10.617632
1319,518.88885,601.1007,63.073944,15.89399
1320,549.2639,588.8358,80.41116,29.877514
1321,583.6143,512.245,183.91325,7.992507
1322,559.95764,598.83936,20.336784,5.6979265
1323,436.29446,494.1543,91.81786,7.1973066
1324,593.8703,518.52905,54.35978,28.414465
1325,543.8436,738.9601,174.39668,21.919216
1326,543.3514,504.4538,34.033,17.409527
1327,612.87494,704.4075,48.273342,10.042599
1328,619.85626,543.3535,81.70881,8.448706
1329,600.01575,532.94867,50.936543,18.026085
1330,459.42603,601.0869,223.76314,14.558557
1331,605.022,568.03076,202.82219,11.922789
1332,618.85693,486.69046,65.67311,21.513535
1333,630.67316,634.8832,201.3923,19.939829
1334,585.46814,543.4587,110.25425,6.616721
1335,562.5684,664.38367,125.54422,17.1076
1336,701.646,581.7997,163.14532,9.152789
1337,676.9263,595.63135,78.85056,14.530011
1338,571.48816,694.3295,31.577333,24.205223
1339,507.00726,647.1401,133.98796,2.5492015
1340,568.4211,672.9358,85.78159,15.693855
1341,797.17224,503.467,68.92326,18.181503
1342,604.40625,606.72296,117.13649,11.421082
1343,592.43475,672.4809,226.01591,21.752275
1344,363.80768,585.2152,220.14822,10.221125
1345,594.1707,615.1284,32.562077,10.3498955
1346,670.0737,604.607,19.821812,3.2796354
1347,508.97638,691.2046,98.11007,27.295395
1348,694.74054,556.62524,250.69016,6.310873
1349,420.9393,546.6854,-0.4531908,21.233263
1350,554.48145,608.16,84.87745,11.215006
1351,729.3536,524.93414,227.49849,11.827328
1352,502.41937,549.1226,88.21595,13.443897
1353,518.80597,540.7233,19.547894,4.717866
1354,681.59955,605.5927,24.029808,11.623274
1355,540.63293,487.36325,204.07027,21.873611
1356,695.3834,621.7678,136.01476,23.742786
1357,546.50525,506.79993,122.48594,23.454605
1358,734.29407,674.2426,177.59785,22.851068
1359,595.7745,665.8622,112.65549,6.675399
1360,428.95172,622.6983,198.30286,15.78615
1361,489.36078,490.44492,57.299694,23.99724
1362,629.4537,482.33942,17.82341,4.825243
1363,562.9234,740.3664,7.3353753,9.544398
1364,596.8463,557.6877,71.41411,19.732548
1365,614.5585,665.48883,169.60048,14.38266
1366,619.6455,623.9543,0.6922215,6.6873136
1367,648.31683,622.09186,26.238453,15.854332
1368,418.80844,549.6425,245.7741,18.842451
1369,616.2353,628.9481,71.842224,6.35762
1370,604.6793,594.20496,112.76948,17.339228
1371,523.8658,618.6119,42.043682,11.801166
1372,689.13434,527.9472,19.243505,9.716899
1373,652.99133,605.91254,120.289375,25.65569
1374,698.7642,572.51764,135.79335,9.725095
1375,419.9208,601.399,200.17545,29.450996
1376,585.98425,630.8004,61.727955,3.1770597
1377,582.56433,713.25745,91.34723,18.302269
1378,616.59076,667.8027,50.2235,15.966413
1379,653.1988,562.2603,36.55231,12.356249
1380,701.3171,533.0805,217.10004,23.68938
1381,642.2547,620.0858,233.75009,24.874825
1382,516.64404,691.51447,196.93591,23.136301
1383,539.4848,653.915,188.54639,8.157553
1384,582.7839,621.55707,95.374054,25.596441
1385,719.47876,554.4635,19.13003,9.969679
1386,647.00024,480.12738,235.6159,10.501254
1387,539.4328,613.06006,215.46924,16.100353
1388,538.66364,567.1316,20.85709,13.144109
1389,521.2347,550.5279,46.946278,28.825909
1390,620.44025,536.4203,32.00954,18.476866
1391,586.7378,550.08453,104.04077,16.282066
1392,507.0367,668.0727,137.61418,16.40107
1393,562.52075,487.90833,4.39093,3.131159
1394,527.2501,634.52515,191.42265,7.336948
1395,463.32373,474.45514,133.66423,27.707287
1396,473.28537,670.69775,168.28017,8.647275
1397,646.70123,652.42334,104.361084,3.4833233
1398,638.7444,594.1183,259.15976,17.883442
1399,572.1788,467.83698,183.36757,3.865298
1400,633.362,795.67096,103.99694,8.663317
1401,511.8791,589.4308,218.95285,16.806366
1402,638.3717,627.75745,51.911743,14.827512
1403,510.37155,415.1256,164.53249,5.5558057
1404,392.12866,653.8907,85.36049,17.58318
1405,599.3889,490.38394,170.16309,21.217674
1406,604.0218,647.6215,90.42686,4.5500984
1407,751.9934,586.5468,0.26845562,11.075592
1408,589.8019,569.95856,61.80271,26.578365
1409,478.14688,660.94165,242.94771,22.41862
1410,461.5143,535.16064,33.66897,8.20332
1411,611.6447,709.3657,31.870575,21.640482
1412,558.73944,461.54623,32.12944,26.621721
1413,582.8518,522.4179,59.766922,4.629204
1414,699.5666,723.0455,223.6044,18.781908
1415,536.1593,735.87775,213.29083,7.0536957
1416,656.4818,696.7526,86.15358,14.934974
1417,657.47577,534.9167,147.91846,3.411873
1418,598.1529,482.73627,181.88097,20.83698
1419,527.05725,663.49384,187.13957,25.143469
1420,598.3915,599.99194,159.88307,4.454177
1421,607.47797,552.80084,225.94225,17.428816
1422,460.07376,714.7606,86.0591,7.9223385
1423,664.31256,623.7545,129.27936,10.379426
1424,588.9772,510.44434,113.76349,2.7530146
1425,685.2987,594.29425,192.12593,5.2512646
1426,537.62646,470.00296,64.389656,3.6564448
1427,688.16315,628.9906,27.593962,14.339023
1428,569.9753,559.86383,70.49541,3.3441796
1429,671.39246,555.3316,126.60415,25.788582
1430,578.23486,698.7208,101.065216,13.451286
1431,648.4821,629.4925,80.67434,25.332016
1432,665.6854,562.1278,24.2059,29.134605
1433,546.20746,671.86835,242.99728,12.729051
1434,613.2069,675.5475,68.63662,25.50218
1435,678.6297,670.14386,65.79576,28.502657
1436,442.49875,532.6808,118.79572,17.040764
1437,642.47614,618.7824,53.217274,20.583605
1438,608.7516,461.12894,55.0953,25.550634
1439,574.40436,515.51733,144.13719,7.1160564
1440,705.72656,398.64505,97.415276,10.375761
1441,609.1109,601.41156,13.591297,2.4978619
1442,457.189,658.42255,175.76814,22.225332
1443,609.7165,676.6769,176.36703,22.496824
1444,809.0865,710.29535,48.853886,15.600329
1445,811.3145,707.39514,180.34937,25.947115
1446,675.75037,549.87256,29.446096,18.434221
1447,553.93933,704.1203,58.77168,20.224876
1448,581.7953,761.6675,128.5339,14.385417
1449,551.4716,581.6029,220.73244,21.75311
1450,560.3625,702.92334,115.40946,17.323734
1451,625.4528,530.1966,69.492775,29.70497
1452,767.0541,715.8561,262.44382,24.664425
1453,523.63477,600.8454,242.3323,2.5606704
1454,559.7739,619.6225,127.588196,14.73909
1455,709.94183,504.3672,177.27351,5.113252
1456,460.86844,651.97003,228.17352,15.458684
1457,594.2101,543.2362,193.03105,10.986454
1458,661.7958,541.73663,118.89051,7.912602
1459,527.62146,547.2557,51.65194,17.985867
1460,508.9577,582.5301,234.94603,11.740213
1461,572.6337,400.39603,171.22057,25.101345
1462,606.4011,567.9741,201.69478,6.2748876
1463,471.99026,778.5354,150.70729,3.351321
1464,564.78687,638.29767,237.68489,29.451244
1465,429.79303,720.2851,196.40334,19.732178
1466,540.9771,673.05743,209.06624,4.8268557
1467,604.2423,651.4086,71.33117,26.320082
1468,646.4309,512.0224,252.50311,21.03051
1469,676.5968,720.7865,30.281384,28.267769
1470,679.976,569.73883,83.93536,13.428294
1471,586.5082,567.38446,112.30279,18.431568
1472,432.49432,662.5122,66.109055,24.401733
1473,670.04126,576.03265,217.90128,15.228363
1474,476.1628,501.0267,115.27863,22.651882
1475,636.9541,691.8624,235.0723,28.820442
1476,706.19336,528.7944,204.35558,25.360233
1477,505.27896,630.92725,188.10854,18.80691
1478,603.04333,629.2333,171.31569,12.519363
1479,638.0556,609.05194,225.65509,12.400767
1480,666.0725,523.1757,81.135735,16.64901
1481,647.38794,446.8351,70.680115,2.9147356
1482,510.16443,495.65573,30.48811,18.47966
1483,572.51495,627.15643,74.10453,15.7784195
1484,675.79144,517.9131,85.96712,6.746192
1485,689.8056,780.5884,251.12265,5.9634466
1486,474.78122,546.373,130.09776,27.406624
1487,639.9784,707.56244,152.02655,13.488743
1488,653.7127,608.2997,26.597197,13.491148
1489,573.5968,737.9867,125.75028,8.689056
1490,487.85175,708.42725,108.133026,9.187085
1491,751.5782,648.779,46.03153,4.4182496
1492,615.4533,514.5794,68.783066,28.157038
1493,415.14264,554.99695,36.700912,29.773643
1494,650.0845,651.39386,137.1558,16.637869
1495,662.0912,533.6829,100.069786,8.905837
1496,604.3876,474.67374,74.80182,2.4330857
1497,673.3662,598.71576,147.81117,11.84393
1498,598.28,632.83734,12.882345,16.033394
1499,653.9948,631.7165,148.5723,7.030711
